gap_between_6star.csv,Special Banner: 6 desired
14,376
50,467
29,595
61,472
58,417
17,273
57,430
4,251
33,439
17,284
21,272
26,433
61,228
1,444
54,600
56,341
41,426
15,368
31,437
63,476
56,285
33,315
17,380
28,347
23,520
57,654
57,406
52,455
1,357
46,377
23,310
56,323
45,294
2,483
58,523
48,248
20,320
56,426
56,455
20,404
11,370
60,646
43,580
11,512
59,369
1,270
21,322
51,235
12,500
1,421
63,271
26,251
61,461
11,418
33,133
31,443
42,360
58,150
11,412
57,305
30,180
17,399
54,646
23,329
34,539
58,252
13,468
5,498
15,401
3,337
12,331
16,222
49,274
56,533
51,314
22,465
14,383
7,390
6,447
32,367
4,369
26,485
1,344
48,345
57,359
67,355
58,595
19,337
64,309
3,305
16,248
6,413
62,436
31,218
9,284
60,263
50,438
7,422
56,401
28,467
14,695
1,328
13,262
30,471
22,465
66,629
16,409
48,264
56,387
28,200
60,307
1,434
59,255
59,248
34,535
5,394
18,335
57,479
55,216
34,458
7,470
2,447
10,463
55,721
32,351
20,640
64,361
14,301
36,271
25,229
22,404
59,349
59,457
1,319
60,320
22,315
49,386
64,492
61,677
44,464
32,189
48,551
2,283
60,205
13,425
6,406
19,380
54,293
20,497
34,484
11,538
10,480
54,241
16,447
1,421
1,426
55,474
55,544
10,404
4,477
63,171
9,475
53,493
47,471
48,492
22,390
32,395
10,681
34,454
3,455
7,222
8,397
57,236
36,301
7,435
15,382
1,365
56,448
41,258
34,544
2,575
37,353
61,229
57,467
60,391
54,410
37,495
54,330
58,517
4,213
18,334
1,568
52,291
59,409
3,280
55,545
17,348
70,331
18,413
55,364
54,236
61,383
48,449
2,440
58,365
8,308
32,346
55,457
21,230
17,235
26,523
40,489
9,396
62,432
52,390
1,344
57,267
51,377
2,519
39,379
14,345
51,537
56,333
60,486
36,402
51,278
52,304
2,323
20,465
2,406
63,269
9,469
1,469
29,354
67,425
1,449
8,316
60,344
13,308
26,531
40,259
18,634
4,333
65,416
8,461
2,601
55,338
20,667
64,465
10,610
18,417
61,309
8,675
12,505
1,315
26,283
28,301
24,513
6,316
32,305
52,525
58,488
2,375
8,508
58,342
11,358
41,384
6,227
32,419
50,401
35,517
49,486
14,380
15,518
58,418
15,447
25,446
54,399
60,964
46,286
23,361
9,337
1,287
18,362
58,472
22,498
60,338
15,434
59,342
30,395
24,531
52,279
44,439
56,447
31,547
58,634
21,312
57,686
58,475
57,483
61,433
54,355
10,274
7,298
29,182
30,598
59,362
53,318
36,369
57,282
9,327
34,249
40,412
1,224
53,369
63,422
26,385
56,485
58,345
9,506
53,293
31,239
50,316
50,399
4,648
48,277
28,384
31,456
2,291
60,391
12,601
33,499
36,348
4,728
41,380
18,497
55,525
12,469
26,551
21,326
44,421
26,262
31,343
49,524
19,397
59,471
48,505
40,360
45,314
54,244
36,287
60,287
20,288
6,286
67,386
60,623
59,373
17,302
2,563
54,549
1,544
55,374
12,311
39,274
55,402
34,352
7,379
53,336
16,363
6,521
57,415
53,224
21,446
53,234
33,460
25,381
9,441
58,418
21,305
10,484
23,396
7,304
27,411
21,470
58,355
61,270
1,296
55,205
62,516
56,354
21,421
11,470
59,328
65,375
12,405
61,282
8,345
58,308
8,517
24,362
7,297
20,384
49,244
5,491
53,346
26,344
13,286
4,361
60,340
1,318
60,667
46,488
27,215
56,499
57,309
61,466
31,383
53,689
7,382
45,591
43,613
21,324
16,529
59,337
57,580
63,451
26,546
44,385
37,242
55,168
57,342
7,331
60,413
5,320
53,298
43,368
11,400
57,271
25,516
6,300
13,279
55,471
53,257
12,313
22,247
59,598
31,493
55,361
24,488
62,313
15,513
24,472
60,446
62,429
28,543
54,428
27,605
64,311
39,456
17,451
42,246
38,295
35,419
27,286
11,342
61,522
55,492
58,228
13,407
28,249
40,349
8,583
35,425
8,655
58,452
51,472
66,489
4,239
6,291
32,309
11,310
18,495
47,275
28,619
17,424
51,349
2,517
19,372
7,185
33,436
70,314
9,481
60,449
6,367
55,676
42,237
30,564
8,395
61,536
43,489
8,338
39,184
4,509
66,303
56,462
39,379
49,219
56,574
15,358
57,357
62,415
49,296
60,330
6,175
52,475
8,392
17,508
57,426
52,663
62,315
1,404
38,635
55,408
29,794
40,376
9,342
51,266
10,317
55,458
37,348
56,395
18,338
57,510
14,542
16,449
37,240
30,490
12,682
58,329
1,673
40,178
48,431
42,311
60,317
39,138
70,472
30,371
61,298
16,343
9,653
4,347
9,554
39,546
27,336
6,298
44,437
10,445
58,377
2,515
10,330
58,278
56,283
50,309
31,301
33,288
4,455
48,230
30,400
26,324
2,495
3,651
16,379
40,327
15,490
51,410
20,462
12,373
8,400
60,299
20,305
33,325
55,606
31,698
23,340
36,538
5,400
16,378
14,447
35,502
27,329
57,492
1,464
27,661
25,436
6,410
58,378
56,342
17,443
18,558
65,336
63,203
52,330
56,427
23,319
45,391
13,517
52,691
40,755
66,520
44,310
3,599
27,431
52,361
20,372
59,494
48,539
9,482
61,412
62,807
6,343
54,508
25,320
61,296
9,371
58,478
56,145
15,283
32,210
63,494
33,488
57,431
58,223
4,311
51,340
32,338
26,344
7,519
33,264
41,230
38,406
59,393
5,529
5,449
59,350
57,349
39,395
27,326
25,299
21,236
13,264
28,485
24,312
39,445
6,341
39,321
41,559
54,360
18,822
9,560
60,330
4,238
25,265
21,616
11,350
10,454
55,274
16,364
59,508
58,364
5,296
48,660
25,581
16,313
25,544
32,231
23,454
7,608
57,372
30,472
54,326
3,552
59,487
35,415
55,470
51,366
12,407
28,282
19,523
53,263
16,520
6,477
12,446
62,380
28,662
32,450
55,472
17,226
18,511
14,676
34,198
9,328
24,388
18,370
56,401
16,324
55,437
28,403
22,355
59,313
31,291
9,215
39,189
55,359
14,465
27,359
8,399
15,318
58,444
53,433
19,294
14,317
2,350
10,276
2,353
40,423
19,456
9,399
12,338
6,451
4,238
8,485
54,248
15,233
4,309
36,456
24,571
60,439
61,381
57,790
54,508
18,363
36,427
45,441
62,635
51,253
58,280
50,226
49,377
2,249
65,379
19,341
52,294
31,462
52,220
10,417
59,495
60,303
2,425
7,592
32,528
54,549
22,284
20,455
27,473
30,374
28,483
34,343
61,195
62,385
6,329
32,386
47,336
1,378
53,434
10,533
32,394
48,404
60,391
31,377
58,400
16,406
63,463
38,752
56,521
62,316
9,168
12,335
62,254
39,669
5,266
2,514
65,403
19,178
57,286
58,331
66,596
44,440
58,338
35,548
29,332
55,529
60,346
60,405
3,496
66,537
19,558
35,281
56,326
33,409
57,262
10,275
61,424
48,246
43,267
18,367
25,410
59,525
33,424
58,570
12,460
54,243
58,575
57,267
53,360
2,380
57,334
57,554
16,412
63,526
14,383
54,357
1,288
2,358
65,369
15,268
55,360
52,491
19,345
44,396
52,522
38,480
57,514
22,484
37,360
4,310
54,236
1,390
42,400
9,388
30,532
11,290
11,421
4,311
29,449
1,308
13,559
4,386
60,626
63,453
14,464
12,322
56,273
55,274
5,411
58,405
4,301
47,546
23,385
1,276
8,283
19,293
50,270
17,285
55,507
17,304
2,444
7,326
34,527
5,273
16,492
5,472
23,289
59,276
39,432
63,351
57,438
3,390
56,365
61,458
14,406
59,440
17,427
51,330
4,439
25,602
57,369
56,331
34,491
7,396
51,367
7,398
38,239
63,498
15,238
31,537
23,322
46,434
26,267
36,288
34,370
65,264
42,448
51,447
11,345
27,478
57,401
39,314
31,579
8,408
57,551
21,312
56,569
32,411
33,345
57,368
52,308
24,395
59,300
55,364
35,263
10,291
55,272
14,397
2,583
68,524
39,452
58,439
58,352
63,422
25,451
2,459
2,437
61,639
64,316
10,381
55,228
57,545
22,341
18,246
60,230
2,369
55,452
2,397
61,385
54,265
52,306
2,402
47,466
5,606
18,421
42,250
40,256
29,210
23,456
63,414
11,409
37,280
41,244
61,276
6,307
21,338
8,422
43,401
63,367
34,291
1,336
57,307
46,369
24,284
9,321
6,408
44,286
7,472
56,421
32,496
20,334
62,327
49,272
6,293
4,337
62,244
29,365
62,256
8,197
53,292
57,684
69,339
5,511
45,393
49,311
26,219
58,219
32,358
53,186
18,543
29,240
12,284
43,418
5,251
58,477
3,309
32,349
43,406
37,287
27,478
22,419
6,595
19,314
58,377
58,252
58,368
22,412
50,399
9,490
60,439
35,518
3,236
1,313
2,336
2,243
30,409
51,291
12,490
41,290
5,262
27,333
59,282
23,296
59,424
66,605
65,221
52,294
31,242
26,365
42,475
27,231
1,696
44,650
5,454
53,400
29,491
20,402
55,434
14,360
65,434
60,367
12,519
60,355
3,394
58,392
4,352
8,298
7,513
54,437
23,249
13,325
6,559
25,303
52,430
58,167
8,363
26,372
3,345
10,342
21,342
5,479
51,489
65,424
16,293
45,491
15,356
35,563
59,350
53,642
37,483
58,275
17,378
7,357
47,543
7,531
64,452
40,581
35,341
52,244
58,496
43,161
20,280
1,274
53,442
58,536
51,234
35,423
30,400
10,220
12,416
53,358
2,181
3,196
32,305
58,423
13,608
31,337
1,572
22,544
56,603
22,281
27,376
56,453
55,440
22,387
32,340
22,463
23,467
33,428
9,578
22,247
4,629
59,377
12,164
53,599
1,519
52,624
5,285
57,384
9,666
56,393
60,371
36,175
40,499
56,427
58,723
23,355
9,319
37,478
9,461
52,255
7,415
59,271
58,263
9,335
22,379
4,235
6,349
31,384
40,370
58,251
20,402
29,601
7,643
34,444
19,514
17,166
32,455
63,540
25,319
5,488
55,390
16,343
11,497
37,386
22,870
57,636
54,540
1,498
37,529
54,308
20,669
17,369
24,343
36,415
27,350
56,518
5,275
35,267
28,376
31,531
65,370
45,421
32,219
14,488
2,354
5,404
46,344
19,434
58,372
5,296
58,408
55,357
12,448
59,501
71,405
54,478
55,294
9,416
24,382
42,379
60,419
18,318
17,235
12,415
18,398
29,394
48,576
55,322
8,177
6,509
22,673
51,544
22,323
35,382
34,404
23,487
27,167
15,482
59,524
47,356
54,411
12,270
19,338
15,486
9,566
34,361
56,273
11,509
59,302
57,349
24,654
57,427
59,254
11,228
56,392
50,310
60,331
23,357
13,540
5,378
46,336
1,367
27,425
34,264
21,477
60,161
2,632
13,313
51,272
6,313
22,446
59,461
9,368
29,222
66,332
17,509
61,237
58,338
50,319
64,526
65,305
51,230
66,349
7,304
12,434
49,172
19,292
57,247
20,508
29,559
14,149
15,265
55,279
14,257
56,285
46,720
34,366
32,305
12,276
33,404
61,536
56,301
37,514
22,256
15,450
31,228
61,213
4,285
27,439
5,472
5,394
6,365
7,190
41,364
5,400
25,602
15,343
8,233
29,549
10,370
27,250
57,259
3,383
57,431
55,692
39,754
30,544
60,313
27,352
10,447
9,254
52,345
29,720
9,992
7,580
6,516
19,413
63,379
60,789
5,365
22,419
7,461
19,503
7,449
42,522
28,448
21,239
26,377
56,516
4,440
59,73
10,387
15,475
54,512
44,493
4,344
11,407
64,367
58,663
11,307
56,476
16,330
5,214
29,307
54,353
60,386
55,642
21,425
20,251
2,388
2,494
10,409
52,369
60,369
51,527
52,498
10,431
19,251
60,249
58,467
55,360
15,481
24,168
51,284
16,316
6,554
61,321
18,285
65,358
52,454
52,676
15,276
9,550
11,265
37,685
8,392
58,613
60,657
56,766
60,479
52,290
22,420
30,412
65,393
5,179
54,276
5,405
56,229
7,145
54,511
4,469
37,350
16,410
23,235
20,368
37,475
59,312
58,584
7,311
51,453
43,516
59,453
64,340
8,463
56,191
8,404
15,459
19,402
8,316
63,443
11,363
45,342
19,388
6,436
39,539
40,204
61,287
9,636
59,392
53,292
36,258
36,581
38,498
1,644
32,372
35,420
10,331
58,397
42,346
60,232
56,431
22,564
8,352
62,400
27,279
32,377
13,488
15,318
58,334
53,480
1,458
62,443
14,339
56,445
13,564
6,370
56,352
52,800
61,293
58,299
58,242
34,642
1,262
62,277
12,420
12,199
70,291
13,351
55,613
21,261
19,524
55,389
18,270
2,489
58,203
51,445
27,533
5,189
54,504
6,279
15,278
51,195
9,317
60,323
54,336
19,510
42,380
9,524
48,444
56,483
57,539
13,289
30,237
51,360
9,392
54,423
44,451
52,279
65,438
25,373
64,493
57,408
57,282
34,414
5,508
35,588
26,354
58,322
3,473
16,575
26,466
13,381
5,282
2,334
63,507
34,497
57,544
33,583
47,340
53,625
69,316
13,697
56,479
55,264
59,309
53,161
12,631
37,438
10,306
58,527
4,343
56,297
54,291
59,310
58,572
22,185
6,338
56,344
63,558
31,476
6,391
57,276
40,569
50,330
8,423
9,506
23,438
22,330
9,622
8,453
62,500
52,724
10,396
16,470
63,302
22,276
20,519
55,354
8,524
56,607
40,243
35,462
27,290
4,384
53,479
32,317
53,198
24,330
37,424
56,480
13,215
17,197
58,273
42,425
21,431
11,288
10,335
32,692
18,348
50,252
61,239
43,381
26,377
20,495
55,435
13,395
64,422
23,403
43,545
52,367
61,425
41,442
55,460
9,301
3,627
55,317
62,325
57,298
23,491
55,294
33,465
18,318
35,436
21,373
55,322
31,350
16,641
3,372
64,583
2,376
60,428
55,187
63,307
20,280
3,255
44,252
31,373
58,372
10,306
56,300
23,352
11,602
3,293
5,442
21,234
29,201
62,385
17,510
57,420
58,490
1,447
22,545
38,318
59,314
41,459
34,368
18,722
7,390
5,400
57,623
24,278
20,450
46,691
60,307
13,501
20,467
59,420
9,504
38,370
58,530
52,265
23,200
11,505
55,401
18,466
62,331
63,302
12,474
7,364
42,524
59,548
58,426
11,221
50,391
41,348
45,336
24,343
55,379
41,536
60,437
62,388
31,329
4,384
20,321
2,332
52,657
6,880
56,251
55,379
19,430
30,337
31,558
56,381
52,316
64,456
54,172
49,395
2,441
14,271
11,283
39,345
26,412
56,338
60,430
45,401
63,376
8,526
30,309
29,500
55,284
56,475
51,637
12,358
37,409
61,392
4,719
16,428
54,438
36,344
63,476
60,282
51,218
7,378
44,349
1,642
11,614
58,794
58,387
4,310
8,223
19,503
10,272
52,436
57,467
54,259
24,456
66,277
13,407
3,347
49,454
39,391
22,405
56,659
32,373
54,465
62,324
61,444
13,793
44,205
6,710
2,451
50,387
56,313
2,387
35,687
55,510
51,377
59,231
15,654
10,365
54,302
1,303
14,463
55,245
14,258
5,484
57,330
52,373
13,488
42,734
26,409
21,210
11,233
11,212
58,331
54,460
53,576
37,514
66,494
55,536
8,325
60,255
51,427
35,434
52,395
44,282
62,421
55,397
7,347
4,285
48,393
72,356
7,410
53,413
22,293
27,474
58,229
60,371
55,442
28,253
24,329
5,428
5,415
66,614
53,544
11,346
56,505
59,617
61,252
49,431
44,373
36,260
65,297
18,212
60,731
55,508
55,314
54,538
49,160
9,417
19,300
32,416
48,488
56,517
53,392
8,457
1,350
53,420
64,460
59,456
9,497
35,228
19,345
55,438
60,400
29,240
56,395
18,335
7,629
51,226
14,644
35,509
13,391
64,467
56,487
15,336
2,429
12,420
7,416
62,391
25,371
50,168
5,238
21,444
63,551
53,358
2,282
9,348
54,331
36,194
2,547
18,414
4,226
56,346
1,511
6,428
13,440
6,407
40,167
63,281
24,356
54,410
42,531
23,280
49,349
57,356
57,402
55,399
49,314
61,270
35,247
13,482
56,394
34,402
9,340
13,531
58,380
46,333
34,525
60,328
2,349
58,224
15,750
53,419
60,418
2,417
58,340
45,386
54,291
11,352
61,395
44,299
19,371
58,254
2,492
20,282
53,641
32,525
65,503
29,461
52,167
64,478
5,344
16,265
12,558
26,370
39,350
64,618
29,209
17,658
39,496
52,382
36,436
38,358
58,392
64,573
15,405
6,316
58,282
26,719
22,262
15,404
39,202
12,350
2,259
58,302
61,346
63,488
64,404
30,478
13,384
26,515
50,358
60,382
59,353
54,441
58,308
17,524
50,399
38,339
11,233
50,316
30,400
64,320
59,598
54,458
8,408
11,381
9,411
61,355
26,296
29,548
52,730
58,536
58,270
32,256
29,320
53,150
25,369
21,287
30,332
24,263
2,133
61,376
7,401
9,330
18,594
9,369
12,383
57,442
53,385
20,382
57,480
1,276
3,386
22,466
62,422
21,378
12,389
60,237
43,338
56,466
12,633
63,435
1,447
63,608
23,335
22,265
40,389
1,314
18,501
57,515
54,345
35,201
54,426
57,346
61,439
33,504
58,481
16,554
36,359
61,507
64,471
43,249
59,250
60,510
60,242
11,244
39,345
9,391
9,608
60,365
66,379
26,668
4,446
65,462
60,439
32,704
20,458
25,273
53,743
15,435
3,493
59,289
63,266
62,493
52,337
38,391
32,342
13,283
16,347
8,398
36,495
36,234
50,521
22,631
1,188
39,1047
58,589
61,287
3,144
70,371
50,173
18,474
38,309
48,585
13,227
4,482
20,415
3,418
59,394
45,351
30,425
7,521
41,517
5,460
47,299
51,1036
55,495
45,446
53,321
59,386
14,268
1,423
3,299
65,259
7,354
33,329
60,522
32,237
24,421
19,455
57,467
3,363
16,670
56,487
16,418
55,600
27,532
52,378
9,357
19,178
17,441
7,378
21,197
59,308
58,257
9,225
28,494
55,257
26,333
70,487
7,517
62,391
29,438
37,386
10,501
20,236
2,292
13,472
60,426
42,370
29,409
32,243
55,412
57,360
37,297
10,476
51,187
54,207
9,516
64,377
57,458
27,232
59,106
42,500
1,321
58,373
64,364
3,239
58,246
53,182
30,642
16,419
7,317
14,354
34,265
28,347
38,423
3,331
26,287
28,488
59,514
54,245
35,509
6,426
31,455
29,382
13,320
20,146
20,344
32,532
59,478
57,510
12,404
26,369
19,424
53,382
42,286
11,193
9,481
30,421
30,385
52,400
8,562
54,369
59,204
53,495
16,350
57,336
48,441
19,522
69,557
52,212
21,600
10,308
48,394
65,293
41,269
31,185
55,526
10,328
51,334
55,361
38,576
26,580
62,444
7,611
58,375
8,616
57,398
9,219
40,451
44,420
33,432
18,453
21,686
16,236
56,188
13,195
32,414
29,464
61,570
55,356
21,507
59,623
32,597
55,626
62,336
58,159
17,255
57,349
16,493
7,423
56,292
51,218
60,449
53,442
16,429
13,410
39,531
18,416
14,281
67,539
66,294
60,118
61,353
34,521
11,470
54,271
52,303
29,421
7,153
22,288
28,609
2,327
56,376
58,452
63,385
46,151
56,362
53,372
55,384
33,495
14,408
63,742
32,337
32,471
26,200
12,467
55,302
36,373
69,351
36,258
53,566
56,410
29,417
18,520
19,346
67,473
34,677
61,460
7,506
34,139
3,339
62,211
32,175
20,293
59,315
67,292
15,302
54,246
2,415
6,467
6,528
11,361
58,517
46,557
22,166
41,486
18,303
28,567
61,453
57,365
12,345
60,357
58,590
59,436
34,423
55,640
24,369
19,267
58,380
56,310
61,231
9,430
5,263
25,167
58,343
29,529
5,623
66,412
61,257
11,240
10,618
63,351
54,569
3,496
49,247
30,294
17,527
55,395
7,264
47,407
54,255
61,333
56,408
21,294
21,389
58,453
66,427
60,310
23,161
19,577
51,294
10,340
62,331
21,422
16,363
26,285
3,581
23,379
52,259
46,673
31,366
56,685
5,446
58,426
1,382
66,393
34,542
60,416
16,416
23,324
11,469
43,375
55,220
30,147
59,451
18,568
57,271
46,345
37,439
58,284
11,285
9,347
19,241
6,236
16,404
36,232
4,357
56,414
2,459
6,395
8,506
57,517
20,495
47,412
36,441
18,232
62,324
59,127
60,434
34,490
16,301
46,368
12,378
34,528
9,729
67,219
53,535
54,383
35,454
2,202
61,529
25,316
47,434
6,536
15,484
1,689
58,235
43,366
7,498
58,398
3,432
60,291
12,493
2,509
56,663
59,395
13,329
22,356
58,224
55,451
10,589
57,437
62,717
59,317
12,334
61,376
54,343
54,524
32,396
54,475
37,344
25,331
59,497
13,626
4,148
2,438
9,330
14,435
54,484
48,417
53,347
42,360
43,466
38,409
21,548
52,319
66,257
7,444
59,348
41,344
48,501
9,233
58,344
8,291
6,386
58,252
57,389
2,575
29,345
5,332
23,499
59,231
48,459
54,378
43,329
64,203
20,532
58,539
57,416
24,393
52,176
64,160
21,306
58,512
9,272
12,401
30,414
28,387
62,470
58,711
1,244
15,436
14,334
31,403
4,243
66,195
5,573
36,468
23,455
13,208
27,265
59,421
65,436
33,361
22,672
14,348
2,331
54,537
16,402
31,426
57,311
30,319
7,507
35,285
9,196
58,342
5,435
42,300
10,668
20,507
34,403
64,408
29,258
50,422
57,879
66,249
61,302
41,565
13,434
61,270
29,368
57,324
14,261
65,334
48,357
29,257
7,417
21,285
56,613
61,406
7,571
28,236
53,223
56,281
18,329
9,619
34,430
60,397
18,236
43,462
64,188
56,318
27,762
56,313
21,375
34,415
59,569
57,326
56,354
2,419
18,305
34,335
51,488
17,368
30,544
56,397
29,267
54,458
47,312
37,413
52,335
7,397
52,604
48,514
15,604
8,336
5,271
19,246
57,327
57,886
9,323
47,312
37,671
15,526
15,402
52,296
9,335
36,372
54,387
24,275
41,243
34,384
35,429
54,491
28,580
18,316
64,425
23,524
37,415
21,233
53,290
7,357
11,193
8,481
55,515
60,662
58,254
11,436
40,308
5,356
63,544
64,593
64,442
45,393
63,382
8,204
26,418
51,649
52,318
37,568
57,432
34,443
64,354
28,651
66,776
60,249
55,383
40,470
39,348
1,369
55,446
3,447
32,443
63,382
36,348
18,403
56,531
3,304
31,508
52,208
20,1086
50,460
47,417
46,292
21,594
61,496
48,480
14,563
3,249
14,318
54,348
51,323
61,286
12,769
54,444
27,432
60,357
34,361
55,421
2,339
8,373
57,326
44,434
19,529
36,414
2,529
54,451
23,353
34,339
7,509
60,360
58,390
62,333
59,606
26,472
15,496
11,847
55,497
33,646
11,270
40,405
59,338
2,328
57,430
57,497
31,355
48,483
56,601
34,269
17,349
1,314
3,363
3,343
21,431
53,382
5,256
42,371
60,307
12,332
34,368
54,357
20,380
39,463
30,212
6,231
8,217
63,408
25,656
52,489
70,436
62,305
24,269
4,408
55,262
36,380
15,264
37,443
9,296
37,455
54,333
6,410
62,563
10,190
59,371
17,283
25,322
56,291
57,206
63,590
18,475
60,438
42,382
2,357
45,430
46,600
61,138
15,148
55,361
52,256
50,296
58,349
32,256
57,171
3,527
22,237
60,619
13,613
8,450
28,413
6,380
60,567
22,202
1,298
57,384
52,277
56,270
57,396
31,577
10,416
43,401
60,298
56,234
55,220
22,455
32,334
56,294
17,556
5,259
54,431
53,352
71,273
61,388
55,540
54,507
53,457
14,243
30,432
19,187
14,317
64,501
42,340
15,362
60,551
34,399
5,428
15,464
53,315
8,309
27,455
52,703
19,599
34,699
59,357
44,476
51,381
32,284
57,194
55,483
43,419
56,279
56,368
56,397
54,391
43,649
54,365
40,543
1,490
18,329
8,634
27,640
25,409
27,367
17,499
65,305
2,384
40,360
57,414
7,366
34,606
2,573
20,477
27,618
49,517
58,360
59,446
54,461
28,288
37,545
20,278
59,641
31,262
52,653
44,480
25,555
52,360
14,271
9,524
31,244
54,308
13,658
62,476
16,357
17,427
40,300
52,605
2,303
30,381
55,724
52,654
63,533
32,476
56,377
15,740
60,317
41,457
39,381
15,525
42,525
54,488
2,406
46,419
4,383
1,441
61,380
54,434
7,389
54,427
5,383
58,483
53,470
54,348
27,464
38,1096
30,410
54,377
37,499
65,388
16,237
11,186
8,265
18,397
30,351
49,344
37,380
59,768
56,272
25,353
31,655
5,197
55,516
57,408
57,298
56,537
12,429
30,230
18,530
2,477
37,391
6,442
16,369
66,457
17,415
62,309
53,132
35,478
35,533
18,445
6,223
24,308
4,499
63,471
60,430
5,334
54,243
54,465
56,280
55,244
8,179
61,440
4,216
64,355
57,388
57,466
64,495
5,266
57,416
44,411
24,710
58,343
58,346
55,474
52,316
66,403
48,310
55,396
3,569
8,464
58,553
16,614
60,516
12,385
56,511
40,369
26,558
58,303
2,446
57,463
57,521
63,363
21,351
62,497
42,644
18,471
35,382
53,347
6,347
51,448
62,703
40,362
33,741
60,496
21,607
1,362
54,91
60,343
35,404
51,451
51,393
30,437
17,345
32,233
69,441
12,613
10,407
56,389
62,402
60,261
34,655
54,351
67,422
19,297
17,545
33,382
20,694
1,540
31,302
11,335
6,243
6,456
30,391
29,273
54,507
4,398
4,418
11,515
3,419
30,401
19,389
61,641
4,218
62,575
54,415
38,226
26,417
61,862
57,385
20,324
39,669
8,242
14,302
48,158
23,507
52,548
38,246
37,262
29,364
55,376
55,453
8,323
38,226
6,353
30,437
56,380
6,226
60,191
26,279
62,420
34,262
9,391
21,625
43,450
4,426
27,526
46,680
15,259
56,272
39,709
12,593
8,372
37,242
55,673
26,403
2,408
52,609
52,314
46,493
16,272
28,338
11,358
11,394
66,482
9,254
63,463
2,203
61,375
58,638
12,370
21,316
24,219
53,387
18,621
39,399
54,320
59,628
12,449
22,223
27,269
4,198
56,329
57,522
52,476
23,538
48,522
1,386
20,491
35,279
24,296
53,441
54,262
62,441
4,403
64,366
59,234
6,352
24,417
8,400
13,663
56,467
64,468
7,486
2,371
4,236
4,482
54,430
58,254
55,291
55,336
24,572
32,715
3,167
30,221
4,331
13,220
21,491
53,213
59,522
21,294
13,316
1,325
67,296
23,368
40,506
56,421
1,467
58,401
61,363
16,164
9,278
56,380
58,176
13,348
55,445
10,340
54,401
8,234
36,307
48,384
3,315
21,488
55,546
56,550
57,258
54,617
58,300
62,314
6,631
64,604
63,424
18,276
10,179
57,184
40,373
31,235
33,685
15,224
63,396
63,342
55,275
52,370
19,141
52,195
16,166
10,242
32,630
5,435
2,350
57,275
56,325
64,391
7,237
11,429
16,459
62,478
61,372
20,577
17,469
39,303
59,503
8,625
22,420
59,140
43,511
21,613
41,506
7,242
18,364
38,400
2,314
34,287
19,351
21,370
39,233
61,422
1,488
5,246
14,376
29,196
17,476
26,347
65,602
1,529
64,272
36,449
56,369
64,225
18,293
2,407
60,434
24,323
8,302
57,299
16,490
54,389
16,382
22,439
42,418
53,451
31,269
5,408
2,298
53,515
39,436
61,452
63,343
57,498
55,314
48,460
3,616
47,510
32,302
59,245
38,267
13,367
4,531
7,478
64,403
48,348
56,511
55,488
36,571
51,361
57,237
62,376
6,373
63,347
22,334
52,430
10,205
63,816
38,247
54,317
46,329
5,705
3,256
40,246
14,266
20,406
64,308
56,397
39,427
53,220
53,404
25,396
63,280
58,403
7,480
5,493
60,403
56,414
33,584
11,473
54,547
29,215
31,222
56,206
26,363
34,431
53,602
56,558
29,504
54,368
14,573
63,327
35,299
12,422
17,305
64,397
7,297
59,453
52,250
15,285
9,188
64,610
58,393
22,366
58,253
57,405
42,705
16,421
48,457
53,626
57,366
61,416
8,264
7,489
49,361
2,335
13,722
61,276
52,244
36,265
55,231
58,313
56,270
56,631
45,392
55,179
6,275
58,360
2,353
12,321
34,356
64,262
55,202
15,380
53,605
13,524
58,380
23,358
44,303
56,537
27,363
62,292
57,351
16,387
56,349
1,387
34,334
65,435
60,406
6,212
58,513
53,207
44,405
52,383
59,710
56,415
27,308
47,434
63,402
25,325
56,485
11,474
55,331
59,388
10,298
54,233
33,150
1,349
20,451
45,360
7,313
40,686
3,191
58,228
61,391
59,425
6,476
11,258
58,401
59,366
23,376
19,347
32,224
3,376
3,470
43,499
54,323
62,418
40,260
34,300
6,365
53,376
56,660
48,316
4,497
48,388
10,509
48,280
15,624
37,488
16,294
52,365
32,529
55,446
7,285
36,356
46,371
12,294
9,451
62,261
2,337
43,540
56,279
58,422
5,584
55,420
65,421
5,308
21,317
47,349
39,357
31,303
35,458
57,479
55,256
44,233
63,218
3,614
14,428
52,309
23,503
17,387
52,509
1,468
3,355
31,603
61,428
61,413
61,309
62,570
44,347
55,220
4,232
57,403
56,494
59,425
60,336
60,318
16,609
20,361
53,322
12,649
10,388
30,235
2,359
36,622
61,403
59,340
28,580
40,348
45,265
26,469
69,493
49,308
36,228
55,487
4,272
26,481
59,521
29,463
53,260
7,589
35,211
14,296
34,197
18,584
40,449
57,643
56,519
42,199
56,305
7,492
27,423
10,619
52,434
41,365
11,694
14,474
36,485
56,396
62,488
12,212
14,337
1,379
3,334
7,334
53,395
58,425
62,395
60,481
33,222
57,458
7,369
25,579
31,418
13,630
22,314
29,283
56,471
32,348
19,358
4,349
56,402
38,589
32,296
52,413
32,379
12,686
35,330
51,556
8,413
9,375
61,651
51,552
12,442
59,682
32,488
61,279
6,626
9,711
16,692
13,346
54,528
35,573
68,425
57,482
40,406
3,436
56,424
10,465
54,399
4,448
21,405
7,377
56,423
7,436
27,374
47,346
20,255
37,474
4,282
57,430
61,335
65,395
65,377
8,387
23,672
49,537
51,487
18,448
31,441
59,254
42,244
29,314
20,585
59,303
64,476
38,258
19,333
18,538
63,269
4,530
26,487
23,439
3,220
36,615
8,424
11,365
1,280
53,428
12,431
60,399
43,252
15,305
62,219
56,527
12,513
62,401
23,253
42,287
59,323
25,494
64,433
62,377
36,334
62,180
60,871
33,334
57,299
12,418
56,341
18,388
12,354
8,426
26,468
35,272
30,406
5,278
65,467
16,523
22,204
18,463
32,284
25,319
12,392
17,470
20,332
56,424
49,255
62,493
67,533
43,570
25,211
39,386
16,260
11,514
23,471
58,329
57,215
7,445
11,435
62,340
17,395
14,482
46,241
10,219
57,319
11,330
57,528
5,537
56,479
21,384
25,386
16,449
20,451
10,303
58,304
9,255
33,535
33,211
27,469
30,491
12,406
58,342
55,489
23,544
55,260
18,491
53,536
6,418
47,381
8,532
42,148
15,315
52,341
53,351
47,261
20,280
14,691
39,405
54,269
28,406
49,248
49,284
10,471
43,573
20,470
1,784
39,540
14,403
22,249
5,528
13,408
7,319
54,487
29,238
4,507
56,244
19,312
67,252
69,443
3,371
60,448
5,618
6,634
61,540
66,431
53,404
64,370
49,216
27,464
56,371
6,448
6,426
55,205
19,319
64,352
3,558
31,424
22,389
16,453
56,410
42,218
3,627
1,256
17,247
40,523
4,251
60,400
55,359
6,377
64,465
59,461
5,292
18,430
56,550
25,174
14,476
38,289
22,477
36,804
54,573
54,711
30,432
45,456
58,416
65,252
4,277
7,627
11,342
56,309
63,382
6,440
58,430
24,353
57,359
15,309
36,295
8,393
55,375
6,350
9,396
18,433
60,262
51,319
41,441
64,345
1,328
33,478
4,236
48,219
1,444
2,396
54,328
8,435
23,371
58,363
6,386
52,219
54,396
10,282
4,318
58,513
13,539
17,387
4,725
10,360
21,415
52,319
59,360
6,393
3,574
65,409
46,450
20,437
5,264
6,635
25,300
64,396
23,413
56,480
8,337
44,245
4,443
17,219
39,363
53,462
45,333
57,233
34,569
43,237
62,187
64,289
36,295
58,233
8,324
4,408
54,529
30,340
22,313
27,278
25,213
62,405
57,366
17,394
2,300
6,177
61,337
57,389
31,696
61,360
41,454
4,674
53,388
55,474
54,512
55,222
27,684
23,251
13,436
25,158
59,388
2,367
60,409
9,191
19,309
37,326
5,387
17,225
25,803
59,243
34,381
43,460
13,245
21,245
27,297
25,548
62,370
30,333
25,397
52,233
44,239
52,347
31,530
12,414
8,531
14,320
55,405
62,656
60,475
7,366
6,508
59,555
24,431
10,336
53,475
19,596
12,389
10,321
31,378
58,217
55,831
2,316
1,372
60,245
6,420
2,408
9,381
59,575
14,458
59,157
13,462
60,428
10,528
7,538
10,302
2,373
58,419
1,453
6,454
38,544
6,471
38,222
58,673
6,393
10,580
35,178
28,478
43,331
23,281
49,744
1,419
22,321
52,405
27,201
16,395
15,226
26,267
58,549
3,434
12,440
58,270
50,336
41,350
34,794
24,452
54,386
59,410
46,524
64,447
13,457
33,322
58,185
63,288
57,444
63,649
52,513
25,289
28,362
59,444
11,408
11,428
26,511
58,422
64,384
4,291
7,359
18,458
2,484
13,243
1,336
10,320
54,330
19,380
64,342
55,517
58,468
19,397
58,275
18,578
54,426
40,439
22,399
21,469
60,379
8,403
55,332
9,395
56,363
28,524
45,301
18,259
5,460
48,248
22,322
57,493
61,442
30,382
14,354
10,535
11,488
63,315
2,212
30,545
10,513
60,597
27,472
56,408
2,395
32,354
1,413
57,292
52,280
20,399
19,267
14,300
52,469
1,194
14,274
56,301
54,323
34,369
58,488
37,451
60,551
56,567
1,391
56,563
66,486
63,193
57,431
23,308
40,400
53,482
66,434
53,299
40,543
7,401
63,391
58,322
53,302
38,459
16,408
61,362
62,433
5,364
46,197
35,390
45,432
58,310
29,216
16,483
20,530
42,245
46,361
58,306
61,651
54,424
37,540
32,224
17,505
39,672
37,262
3,727
40,455
54,654
49,287
58,589
26,591
44,174
29,676
15,498
28,507
41,406
50,186
41,314
54,350
2,417
35,254
6,328
12,474
47,307
7,250
1,427
3,463
42,821
10,280
56,180
17,572
9,208
35,248
63,182
58,345
8,430
57,477
17,318
52,289
56,588
56,260
25,538
49,516
33,551
12,484
61,298
37,588
31,408
67,366
29,352
55,444
58,315
18,345
25,336
34,470
23,474
7,275
25,454
29,546
30,388
32,359
34,320
64,502
22,642
11,234
35,454
62,450
55,406
25,274
12,782
17,251
30,574
58,397
56,375
1,428
36,353
30,528
51,438
35,572
15,368
56,354
24,477
61,300
44,449
52,349
44,336
46,345
54,358
18,347
36,553
3,285
7,255
38,883
53,386
12,159
58,242
12,383
68,345
3,490
37,412
19,283
58,387
19,421
11,273
17,328
58,383
13,459
58,477
13,483
2,350
59,214
63,316
39,350
62,537
14,542
63,416
27,388
15,341
43,583
14,301
10,515
68,231
19,347
26,496
61,374
18,403
58,266
22,728
6,497
53,280
12,420
57,429
23,448
24,385
61,660
13,295
53,542
19,444
57,350
30,364
53,443
2,166
19,271
55,326
2,472
57,480
34,332
59,303
36,466
48,319
44,415
59,572
32,336
36,340
54,655
36,365
56,234
55,587
18,570
8,268
48,484
30,413
43,537
15,219
38,669
53,611
29,379
22,308
56,261
18,258
31,397
7,568
7,114
26,279
30,452
21,368
58,549
54,480
66,180
53,611
26,415
44,788
19,440
38,321
18,423
21,420
16,324
54,140
41,433
18,342
13,331
55,346
54,317
25,452
56,372
47,346
56,418
31,429
32,472
42,333
57,539
54,411
31,392
6,110
26,506
18,379
22,450
22,259
61,399
13,193
5,375
29,538
56,355
48,283
30,345
35,296
9,340
27,387
51,498
4,235
4,633
49,201
6,460
58,585
10,677
32,571
19,389
57,222
57,244
6,429
3,585
6,431
23,822
14,292
31,413
29,260
30,712
31,343
56,537
60,460
18,436
5,357
59,307
53,346
55,445
11,411
1,539
58,782
31,349
21,414
66,355
16,587
6,396
18,428
56,713
36,209
58,585
16,394
46,384
61,463
18,549
1,289
5,565
57,384
54,401
21,315
14,298
45,400
14,458
59,515
58,718
52,496
61,380
44,469
61,371
56,504
8,284
28,180
32,296
7,493
20,229
20,525
12,364
55,308
5,364
10,686
56,377
36,439
4,554
5,354
62,375
56,343
13,512
39,810
24,392
16,514
13,562
59,264
40,429
61,383
23,343
30,262
59,319
56,303
26,459
55,360
58,511
53,652
65,517
20,737
18,473
30,168
24,255
36,296
21,351
55,445
20,751
32,529
41,454
56,612
38,608
37,504
68,137
4,413
36,414
26,432
15,388
32,558
52,448
40,322
67,713
27,335
10,570
1,369
24,545
50,331
39,301
59,208
42,244
28,433
52,404
64,515
3,260
57,494
57,446
6,401
38,513
18,524
51,335
3,331
12,471
32,308
19,305
65,464
5,506
58,345
38,260
46,343
7,241
15,525
18,497
36,315
37,242
1,332
34,379
6,688
12,355
66,441
27,409
44,210
2,427
56,214
54,449
59,338
60,598
6,312
53,460
32,370
17,483
55,244
53,409
50,337
48,380
31,332
13,444
60,287
67,327
21,431
14,474
8,427
1,517
56,430
54,325
55,285
59,326
17,438
54,299
27,288
29,449
21,266
57,483
18,629
20,288
3,401
60,646
64,371
19,294
2,206
60,516
35,730
32,482
57,306
20,146
46,242
58,687
62,620
53,450
47,371
32,314
52,431
1,243
28,409
34,255
46,493
8,394
27,470
14,382
56,281
3,256
18,386
56,347
16,373
23,337
62,355
5,540
61,339
5,448
44,338
4,273
38,481
60,262
35,341
6,436
57,402
67,399
52,278
53,189
4,416
17,393
19,470
43,393
11,607
59,564
22,513
12,393
61,363
35,455
31,217
31,410
31,607
5,487
21,179
18,507
59,281
3,388
62,364
52,405
12,329
54,462
1,447
24,707
60,1068
56,555
41,370
59,625
19,266
52,388
54,415
36,359
21,295
51,476
28,504
12,310
55,338
11,373
58,403
6,517
54,542
47,377
49,384
59,527
64,415
61,470
18,469
17,320
52,512
49,426
56,392
5,294
45,510
60,222
29,318
5,453
28,343
59,507
26,205
20,209
58,335
24,357
58,468
25,357
64,490
3,371
10,495
56,364
37,656
18,485
57,450
3,209
52,582
12,545
7,530
29,217
1,489
54,285
22,329
64,409
26,460
43,321
3,340
16,252
53,283
58,581
54,256
22,459
13,774
60,699
26,411
64,239
63,427
13,542
36,499
12,355
39,340
11,382
60,557
27,113
18,284
58,643
57,419
8,287
53,336
8,391
32,271
55,407
41,423
10,335
54,359
44,361
53,313
63,377
4,374
32,364
4,186
24,499
14,340
60,498
7,482
58,451
23,523
26,427
55,312
2,140
49,653
11,401
36,507
35,423
62,365
18,403
37,492
9,356
10,421
18,150
49,422
55,573
3,534
31,751
60,432
56,414
59,311
58,468
10,433
12,361
1,310
2,333
55,493
5,409
62,414
30,442
59,556
70,312
56,507
1,410
63,378
55,268
21,140
51,644
42,428
22,297
13,458
37,271
6,436
53,271
22,316
30,382
35,627
11,580
45,291
67,273
46,516
53,333
24,320
6,445
12,547
5,433
65,456
58,472
11,414
35,492
13,436
53,745
34,303
57,308
41,211
1,412
2,481
62,290
52,410
10,551
33,328
26,395
28,383
25,895
57,385
56,352
65,381
57,347
62,345
14,436
21,216
3,240
58,362
52,542
22,291
36,434
26,255
52,338
36,268
17,407
5,579
54,546
61,570
54,585
58,490
46,468
34,313
24,196
27,740
56,433
66,362
12,350
53,494
54,553
59,507
50,405
40,225
60,670
37,323
31,252
4,517
53,677
60,566
61,510
54,302
29,431
15,592
14,293
12,167
26,428
55,395
45,344
18,334
32,627
13,301
48,726
18,280
44,392
55,418
52,428
34,306
14,330
36,436
40,211
55,448
29,425
55,428
14,501
3,267
60,426
14,538
62,246
18,456
55,751
16,467
59,328
43,269
39,394
47,340
3,327
17,413
17,420
45,281
24,408
20,498
58,436
3,305
37,414
38,426
7,331
16,266
10,371
8,241
3,320
11,320
2,531
1,412
51,375
12,275
52,404
26,436
28,531
59,412
19,538
34,376
51,201
66,342
19,285
9,477
49,353
19,504
37,380
8,423
2,362
34,598
13,314
5,430
59,439
35,267
59,318
40,506
11,375
26,255
56,431
57,466
16,326
35,416
6,382
15,362
35,307
51,324
21,369
68,476
44,124
1,255
56,414
35,321
60,393
37,504
61,503
51,393
1,552
23,642
58,183
31,461
6,569
58,435
42,416
6,446
39,411
56,302
10,471
40,389
14,492
12,288
57,498
20,262
52,420
63,300
1,599
17,719
2,295
55,399
61,265
68,281
1,353
9,281
23,385
58,329
13,735
18,229
57,276
19,257
58,203
54,406
19,402
28,322
22,632
54,465
6,376
5,307
25,233
22,291
17,332
5,529
56,454
65,292
54,482
18,426
44,193
9,424
13,177
64,636
11,425
14,410
55,390
50,225
18,408
61,284
50,343
12,344
51,471
7,273
22,469
5,481
15,644
59,486
56,437
52,445
4,484
22,376
2,371
10,642
4,654
25,292
59,473
51,360
33,476
25,334
6,451
9,367
8,213
25,254
43,540
63,291
46,177
14,337
30,259
42,424
13,388
37,330
56,420
34,497
8,435
28,321
27,248
43,549
18,491
36,349
32,359
11,240
29,289
23,272
2,472
26,424
51,330
7,171
14,461
26,435
2,389
8,809
45,241
31,513
4,267
5,559
30,380
61,466
59,316
45,531
14,449
34,282
2,392
58,329
54,288
59,497
7,434
23,445
6,476
30,182
37,493
65,432
14,385
27,272
51,291
14,450
44,278
44,255
13,222
47,464
26,232
12,483
54,354
45,298
30,581
23,705
36,477
61,439
61,393
58,400
62,589
37,358
19,519
11,710
57,347
54,671
28,594
11,405
51,447
56,252
14,292
1,629
7,399
5,431
21,436
61,623
70,467
40,317
59,488
9,424
12,428
17,548
5,580
54,444
57,225
10,325
11,209
60,228
24,214
25,404
14,532
54,514
57,574
2,266
54,412
11,632
44,554
2,483
56,373
16,570
45,217
55,652
62,395
25,447
58,768
52,362
6,281
57,403
37,496
46,473
17,396
55,395
5,259
15,264
55,488
30,279
33,268
58,477
55,524
31,250
56,666
58,511
6,513
55,435
54,360
1,423
27,262
52,411
59,624
24,496
33,531
16,507
8,382
57,214
7,411
4,228
48,357
59,362
20,258
63,437
56,320
30,362
6,355
3,512
1,400
31,364
22,826
55,334
26,412
30,425
61,350
15,366
52,558
56,360
6,386
26,384
12,326
57,484
25,380
25,519
57,435
59,436
62,321
34,338
37,360
25,259
5,441
30,287
34,591
34,588
48,565
37,411
43,216
31,652
52,231
61,338
57,435
60,333
28,312
66,408
49,482
55,362
57,644
2,362
57,377
7,362
51,387
5,288
52,283
56,277
51,486
60,201
56,396
23,369
57,296
2,633
31,260
37,230
40,436
57,555
9,389
16,542
55,367
43,406
48,357
64,294
60,293
52,462
26,539
50,407
54,451
3,381
38,539
13,466
12,569
37,268
61,367
45,302
13,368
28,465
55,430
7,500
57,342
23,369
51,412
55,530
15,400
33,481
37,396
24,389
26,274
55,454
3,355
24,336
46,380
60,471
63,452
1,573
55,275
58,515
23,327
61,360
38,333
41,476
60,488
10,439
61,345
61,355
54,235
23,353
10,462
54,528
53,281
62,520
53,481
61,333
56,498
54,358
10,317
16,346
47,449
11,592
56,316
12,495
32,243
36,419
45,302
20,397
57,428
7,613
54,286
44,292
9,387
8,709
42,414
14,420
39,304
34,134
5,549
55,321
2,608
15,525
10,444
54,273
12,501
12,348
12,365
2,346
41,313
30,465
57,350
61,610
56,495
18,338
22,589
54,298
11,385
11,445
60,482
47,296
28,268
60,250
59,362
10,361
6,539
30,200
5,443
12,528
15,236
16,230
35,314
62,285
55,600
26,374
26,391
58,495
60,373
8,234
18,699
53,435
59,346
59,487
5,550
4,412
14,284
11,889
53,425
67,524
5,232
60,419
18,436
23,367
34,457
27,260
60,464
36,208
66,294
25,388
18,513
55,729
8,430
74,669
10,553
61,260
28,562
4,354
13,236
61,448
5,500
60,435
6,443
60,304
15,332
26,372
52,408
67,203
5,497
67,565
25,354
25,178
2,230
60,379
12,315
20,398
1,302
20,448
55,301
45,494
60,607
65,331
24,345
3,232
55,377
4,495
40,274
17,279
62,430
65,328
63,543
60,353
29,511
55,369
11,605
10,334
31,228
40,410
64,398
19,369
17,570
27,358
16,307
2,461
3,358
61,522
36,717
26,600
24,350
36,364
24,185
32,401
59,362
5,438
58,327
33,412
17,270
31,483
30,320
37,689
19,467
28,276
51,437
43,558
19,646
46,350
18,496
9,343
58,513
56,278
39,389
28,354
63,414
6,218
35,346
17,202
27,404
9,468
21,327
5,290
36,353
15,282
7,409
23,571
3,407
53,449
3,430
3,291
46,312
10,223
1,437
58,255
2,361
59,292
63,224
54,388
8,214
48,465
55,283
54,344
2,340
1,308
31,374
8,396
64,389
39,625
64,566
60,500
46,287
27,248
64,321
64,459
2,302
43,333
62,261
56,351
11,646
41,465
54,377
15,563
66,328
9,310
34,564
4,507
10,303
13,376
41,757
16,451
36,398
45,312
41,376
4,486
63,335
18,293
54,373
32,813
58,380
36,331
69,578
9,484
12,409
36,650
59,376
16,402
58,411
62,398
27,361
18,177
1,420
7,209
8,460
60,458
21,472
69,410
3,436
59,573
44,465
47,297
6,524
1,335
48,551
11,590
53,596
59,380
6,791
20,585
55,250
61,430
3,374
6,233
54,391
28,330
9,220
4,376
6,383
21,323
36,385
16,297
52,275
55,312
27,457
64,212
39,430
53,422
63,344
55,414
60,474
18,437
29,475
5,297
52,523
54,339
55,327
7,373
20,256
37,579
60,297
33,380
35,264
60,446
7,418
2,541
39,273
11,328
31,463
25,398
68,417
61,387
59,408
60,435
17,377
43,530
6,211
1,322
19,382
44,154
59,528
64,537
6,272
27,428
73,334
66,219
15,417
12,486
60,602
56,559
26,291
41,382
61,377
22,256
5,379
20,195
20,270
49,465
59,494
52,291
8,199
65,450
1,437
16,516
42,429
29,263
63,441
30,424
1,382
64,464
23,470
2,370
42,301
30,407
60,387
37,454
58,296
64,103
8,295
62,414
9,536
51,462
8,511
44,433
56,342
44,429
60,471
53,286
65,253
2,370
34,469
46,250
56,273
8,310
6,416
19,292
32,332
13,129
4,291
28,304
46,256
8,409
56,382
53,477
52,360
42,315
37,716
57,380
65,561
47,448
18,340
40,332
2,285
53,412
25,418
35,425
45,314
52,423
12,443
56,554
20,662
65,403
53,479
59,332
16,750
13,272
13,518
61,443
15,505
2,192
22,538
27,663
1,432
60,218
1,433
5,445
60,449
7,407
42,329
24,350
57,413
12,350
1,372
8,531
58,540
61,188
32,362
2,460
51,343
54,434
33,376
12,797
17,404
60,201
27,343
59,377
58,446
5,292
30,409
25,559
5,254
7,241
60,326
54,245
7,444
48,441
27,592
34,563
52,223
65,244
66,549
5,400
49,593
2,342
51,418
58,327
18,402
37,239
48,477
53,276
57,358
46,364
14,430
10,420
59,400
21,308
12,256
57,390
2,463
27,476
5,478
61,476
64,397
14,403
18,377
28,422
6,179
57,495
33,534
56,288
41,330
42,313
38,255
5,447
53,414
58,305
56,471
53,457
17,357
22,237
9,359
6,492
52,356
30,388
47,333
57,182
10,173
56,207
58,347
12,363
55,559
58,290
54,624
13,661
18,531
2,421
17,306
10,441
44,232
61,235
25,321
27,408
25,421
35,273
39,600
31,303
29,463
51,316
37,487
6,475
58,456
55,422
4,427
47,271
40,363
62,381
1,321
52,361
55,524
37,362
21,451
8,329
59,225
30,395
3,442
58,580
52,541
45,421
54,298
59,361
1,334
65,221
59,506
46,348
56,469
67,346
53,388
14,556
3,384
54,244
17,236
56,319
21,479
36,403
52,310
33,701
2,283
60,423
23,204
9,206
60,303
52,332
50,555
42,316
21,337
70,405
26,653
27,311
32,198
1,478
56,366
61,376
12,409
44,254
33,278
59,424
20,448
55,570
21,258
38,564
37,405
27,181
52,309
53,697
7,370
14,350
55,391
5,298
60,320
54,381
11,401
53,385
15,289
5,331
30,476
65,156
6,357
34,454
55,388
53,181
10,271
62,345
52,269
43,310
38,407
60,289
4,308
39,431
50,413
13,361
59,379
4,456
13,370
21,310
57,700
50,388
28,291
3,448
18,237
3,393
38,383
1,402
23,595
44,534
63,425
38,285
9,277
35,217
29,299
59,599
5,302
59,509
60,265
39,446
26,406
7,608
60,460
2,643
52,326
54,364
11,513
12,621
53,551
51,332
24,364
61,285
22,411
56,417
34,198
62,349
52,344
57,157
16,187
20,424
44,340
2,393
60,342
64,450
18,614
1,308
35,606
9,373
2,880
60,376
6,372
35,312
14,418
64,515
14,218
8,447
3,282
36,397
28,394
17,312
28,275
4,359
64,310
57,417
38,276
56,424
52,323
3,299
38,189
19,246
8,206
14,327
58,428
3,300
47,267
60,438
43,303
61,415
45,255
57,386
13,259
22,266
57,439
8,324
62,317
14,299
9,371
64,518
24,281
44,292
14,370
48,510
6,387
41,330
57,392
50,761
5,215
11,319
21,453
43,697
8,354
14,581
6,292
60,211
10,540
26,265
7,355
29,292
4,378
56,386
10,352
46,457
31,158
28,609
16,415
36,203
51,318
59,606
58,214
54,508
58,392
14,513
25,508
16,360
5,377
69,439
11,484
5,746
47,444
27,370
24,385
2,441
4,448
26,304
21,603
30,415
60,379
23,260
12,319
10,390
12,201
4,303
2,396
21,572
24,327
52,309
59,327
2,116
54,468
29,173
59,426
37,551
53,484
58,420
18,429
25,325
70,364
17,468
4,316
60,343
30,342
67,394
23,267
27,433
24,306
35,647
20,433
54,427
55,195
32,301
37,656
6,212
60,497
47,184
62,429
41,397
21,463
40,195
54,393
56,396
58,426
64,309
38,463
60,441
47,486
40,306
21,242
8,328
52,490
55,602
22,293
59,465
47,201
39,282
39,410
2,416
34,329
24,448
59,513
26,506
62,295
46,443
54,327
60,211
61,306
35,251
29,520
19,226
47,359
53,552
5,274
40,255
51,454
25,730
9,331
4,446
20,449
57,256
58,565
1,727
5,213
31,663
56,564
47,262
40,570
61,272
6,339
56,426
60,711
10,444
11,353
28,256
35,456
19,510
60,274
54,443
5,393
21,342
31,301
36,612
59,390
23,539
53,625
5,379
13,359
54,387
60,290
25,326
65,457
22,304
27,324
65,308
18,590
54,375
1,483
12,565
25,255
4,561
23,268
9,565
35,300
12,226
12,395
35,312
56,396
16,278
66,488
50,401
59,211
5,168
26,542
63,473
14,417
61,206
60,402
41,465
20,233
57,434
57,190
39,474
22,291
5,571
18,407
16,470
56,388
44,512
32,713
38,630
16,383
59,659
33,236
54,421
13,349
2,294
45,616
57,464
3,447
14,404
10,452
48,690
14,513
23,234
12,393
37,538
1,484
39,343
1,256
60,553
63,197
59,441
55,478
59,528
44,498
65,843
2,266
7,196
10,306
8,514
62,555
8,316
1,517
62,517
60,527
31,228
61,313
25,405
43,280
22,385
11,306
25,369
59,421
29,402
51,368
63,345
14,556
2,363
55,266
59,495
17,351
40,548
52,215
58,543
24,491
51,347
3,168
60,377
55,290
5,298
19,326
1,287
22,670
15,420
21,498
13,458
6,308
28,459
52,363
28,437
64,645
5,591
36,364
54,317
58,387
40,267
24,353
13,720
57,532
29,338
63,345
59,423
54,360
57,548
1,324
37,363
30,389
4,516
13,176
15,270
16,281
24,255
13,800
66,523
63,542
29,453
30,587
47,295
20,259
3,576
17,225
10,535
4,490
53,250
43,257
45,219
63,624
58,390
60,287
11,403
19,315
55,453
56,329
62,391
3,305
57,547
20,225
54,490
1,373
4,257
62,216
31,507
9,453
64,443
59,431
46,366
15,166
61,409
1,396
48,534
21,430
43,579
54,349
55,208
8,422
57,428
16,486
17,255
1,323
67,415
8,393
47,430
52,512
3,504
51,409
20,556
58,366
13,109
24,496
59,380
23,197
61,487
19,290
14,223
1,645
25,477
61,207
54,370
21,485
2,280
53,496
17,265
1,358
27,472
12,709
56,470
15,423
16,524
64,298
15,746
58,256
56,362
12,367
55,369
52,485
59,538
60,488
57,288
29,728
64,429
6,667
47,351
7,435
4,285
54,396
16,356
65,293
40,454
57,427
62,266
56,144
20,439
55,218
17,389
11,495
55,306
1,405
12,279
6,273
19,230
27,290
11,569
19,241
45,616
37,304
3,254
1,392
14,204
25,578
5,295
24,247
59,480
54,673
18,393
36,368
60,271
60,483
64,396
55,199
51,552
7,437
34,442
6,369
1,468
27,331
33,281
13,519
30,386
33,455
8,619
47,263
24,329
18,418
3,286
25,389
53,437
8,488
34,349
51,279
49,447
4,334
1,174
52,577
12,364
11,448
60,480
6,680
28,460
10,432
51,590
13,271
36,903
58,538
56,428
57,338
11,359
61,425
28,505
25,555
56,500
14,353
61,381
13,374
19,332
40,377
32,402
59,391
52,407
7,186
67,259
56,422
40,232
59,521
4,513
39,457
9,574
37,220
16,236
55,476
33,473
4,163
65,353
64,485
57,617
58,450
3,615
57,670
54,329
2,523
5,461
61,245
29,387
14,261
56,375
57,145
23,448
30,371
12,338
28,222
2,381
28,403
55,443
21,340
6,333
30,186
54,371
23,386
37,241
1,431
43,293
62,345
31,231
22,555
2,467
60,334
51,285
27,448
25,237
3,435
39,389
24,491
29,536
15,469
32,382
1,285
60,234
29,422
62,265
8,743
55,290
5,183
20,586
59,306
14,326
11,525
37,316
14,436
16,409
45,419
59,360
62,210
4,235
20,176
62,242
57,490
7,174
54,495
50,562
3,234
61,678
30,491
52,402
15,275
19,214
45,589
53,319
24,383
58,265
3,243
52,248
6,618
6,473
17,441
59,246
42,521
61,399
36,437
3,308
36,344
56,504
42,384
7,251
44,451
66,229
22,439
60,405
21,277
4,334
62,404
4,392
44,474
45,484
27,187
48,327
61,330
16,318
46,331
7,254
54,297
60,397
26,239
29,460
56,396
15,346
4,514
2,294
59,426
46,419
14,473
40,485
64,299
16,367
14,477
37,562
46,476
33,233
12,494
63,567
9,457
57,272
53,492
62,547
63,441
59,547
55,630
63,314
27,378
3,378
62,330
45,486
49,595
36,689
22,355
12,418
18,392
56,334
46,282
33,290
23,337
54,350
58,424
54,409
19,472
23,242
9,462
1,397
20,191
2,464
49,335
56,556
60,493
10,359
66,622
52,297
15,572
59,448
4,525
26,202
17,354
62,366
40,545
26,260
38,559
10,547
13,399
2,257
63,362
12,337
65,589
61,265
51,254
59,380
59,274
9,530
50,565
25,337
18,354
56,281
25,497
38,469
68,447
58,621
54,542
40,374
58,246
17,442
57,366
36,329
62,376
13,287
42,303
13,294
32,411
58,326
59,636
18,400
39,620
60,657
45,279
57,338
60,366
17,447
33,325
16,244
60,571
56,394
24,429
55,309
26,472
54,593
9,463
57,186
30,298
3,230
5,157
31,463
53,384
10,259
16,287
56,369
3,309
5,312
56,759
33,556
46,427
3,404
60,378
35,286
37,367
52,217
10,448
7,416
31,208
55,442
33,688
14,297
25,231
1,316
56,686
37,486
33,543
50,415
62,733
15,398
64,457
47,447
53,537
47,367
31,275
1,485
6,470
8,329
6,408
23,398
4,400
20,458
51,349
55,247
17,339
25,239
57,548
30,284
13,763
53,445
12,291
53,239
15,496
46,424
29,634
29,334
11,235
35,152
59,554
60,614
14,249
1,355
2,311
57,317
17,440
13,258
51,371
7,602
54,660
62,406
64,391
60,270
55,539
52,291
11,249
28,431
7,456
39,247
61,491
36,865
21,298
32,659
48,606
38,359
43,274
70,174
20,375
8,539
51,193
32,417
7,421
58,387
52,531
59,681
38,383
10,684
5,466
10,338
11,564
26,373
7,340
64,293
55,398
55,631
33,670
53,325
54,271
25,561
16,622
64,593
54,592
1,300
64,227
11,257
14,491
62,952
6,646
60,501
19,443
26,337
34,548
38,545
62,336
61,402
54,217
3,285
46,269
53,518
44,458
41,256
42,518
61,311
64,603
1,134
26,327
55,254
61,246
21,411
49,336
23,341
59,400
54,261
62,543
24,537
17,305
60,297
16,575
33,534
15,238
37,342
27,332
55,298
56,223
15,432
2,385
13,301
11,399
7,471
44,488
56,568
19,436
16,455
14,489
53,440
59,533
39,424
61,343
37,376
4,292
60,350
23,348
14,533
62,460
29,416
64,265
54,256
39,660
1,200
48,660
7,294
4,479
57,341
58,184
33,379
57,473
39,407
58,253
33,429
49,575
30,437
2,304
9,638
58,518
27,333
61,464
30,464
23,342
62,480
5,574
22,377
58,434
27,165
23,347
19,255
60,296
18,503
56,435
19,371
23,202
30,658
11,532
62,290
58,552
42,412
9,506
17,396
60,198
6,284
51,384
19,311
35,259
11,607
63,368
9,562
61,355
13,411
60,450
28,265
53,318
13,279
68,471
43,277
6,365
3,326
59,448
36,544
38,280
21,396
10,263
58,332
58,231
62,488
3,302
12,321
57,556
17,449
56,566
46,575
64,586
2,332
9,351
56,404
17,225
15,310
50,368
2,306
55,207
56,499
58,395
33,336
11,496
24,297
59,323
63,290
40,469
57,521
8,338
59,265
21,272
60,543
57,338
61,453
10,345
30,235
22,310
58,456
25,272
56,364
22,316
24,392
8,374
15,321
13,356
2,365
44,558
58,259
23,307
11,312
27,266
10,435
59,196
16,304
19,274
55,348
24,303
1,467
51,445
52,515
64,351
59,474
67,476
18,528
7,369
57,423
20,222
59,338
2,514
39,358
20,422
44,378
54,325
58,373
44,269
61,414
66,308
14,326
24,425
61,374
60,489
62,348
56,253
46,511
23,382
2,407
56,403
53,566
55,605
42,265
7,418
69,420
17,443
55,382
53,549
22,525
38,477
58,444
15,194
52,383
56,521
5,487
13,519
38,442
47,359
55,183
49,517
62,558
11,399
1,357
53,400
56,394
55,661
58,423
7,580
8,405
58,498
4,443
17,503
20,535
18,568
56,417
57,271
56,320
12,291
52,332
41,603
20,464
32,276
10,443
57,228
2,205
36,583
55,210
40,308
3,393
54,375
58,441
54,226
36,391
32,329
56,359
52,366
20,424
15,472
24,544
27,212
17,291
16,713
42,539
57,302
8,389
60,357
34,482
56,379
51,422
27,416
56,445
4,224
51,623
60,287
9,611
16,600
58,177
21,263
23,176
36,457
52,671
54,416
64,406
57,296
60,220
16,555
37,354
52,502
5,315
34,405
19,281
43,437
17,446
8,434
5,248
47,436
37,519
19,343
57,446
4,562
62,366
13,500
64,788
56,317
8,374
63,395
56,314
12,461
23,479
22,435
18,440
23,695
6,302
29,323
35,283
17,210
59,278
46,454
51,549
60,250
5,206
16,248
6,294
12,176
28,484
63,397
57,399
57,381
60,341
28,525
14,468
54,143
61,291
64,546
46,357
59,364
54,164
58,381
42,314
52,246
35,209
62,243
55,409
60,262
24,408
60,374
2,704
7,303
6,262
35,473
28,437
68,345
63,273
56,368
10,450
20,564
12,679
31,242
8,419
66,468
59,319
9,492
55,523
12,503
65,468
4,203
48,435
52,397
62,269
28,566
1,503
65,345
52,344
55,289
54,348
64,363
52,546
16,439
28,179
57,234
55,472
7,369
60,425
4,524
53,681
65,517
58,376
23,402
58,309
47,152
35,407
3,317
28,185
4,334
25,463
59,504
13,556
16,334
6,199
2,424
38,281
58,284
41,265
64,434
24,450
34,310
61,427
19,481
59,518
57,425
34,259
62,505
49,378
8,551
54,558
25,209
27,191
59,404
14,368
56,655
15,292
55,614
24,331
27,321
56,288
47,355
23,361
52,439
41,440
57,606
27,365
18,350
17,553
27,582
5,288
33,661
8,287
6,276
28,346
40,292
56,405
54,430
16,425
55,354
3,516
54,308
55,414
29,403
62,743
54,465
6,386
20,425
66,428
56,175
13,493
52,201
44,537
6,248
9,498
8,580
15,453
61,303
28,300
47,131
1,420
15,239
55,381
3,368
60,434
53,537
58,485
7,334
43,334
46,534
23,340
3,412
9,397
55,282
46,378
31,430
52,418
34,522
57,422
34,343
28,398
38,543
51,363
51,461
44,372
1,302
35,551
19,274
7,531
47,274
2,508
8,347
41,341
21,234
42,332
9,474
19,382
1,265
53,359
3,223
39,328
57,348
52,498
11,228
37,222
7,483
56,339
56,345
53,375
49,171
8,395
54,339
53,250
20,630
54,390
37,409
26,394
6,490
61,335
34,518
36,407
53,338
51,360
19,311
72,420
14,391
12,477
58,198
15,309
57,354
5,493
60,288
6,297
64,521
27,319
58,322
17,489
13,301
62,416
6,506
23,433
53,341
2,342
58,395
3,785
51,637
53,361
29,376
29,378
51,267
52,259
48,617
13,400
62,519
54,479
27,626
1,486
27,305
18,337
56,392
10,191
5,255
62,323
41,397
54,405
6,411
16,410
60,270
19,734
3,315
21,345
14,310
37,388
21,385
58,558
29,510
40,227
10,294
7,282
2,365
44,641
67,285
5,338
27,305
55,289
8,497
61,351
57,417
58,385
43,654
60,361
56,211
1,786
13,729
10,435
43,546
2,205
1,244
26,302
4,304
62,506
33,352
55,278
30,392
1,456
34,585
61,310
60,220
17,311
59,245
3,237
55,393
13,520
7,424
19,517
19,327
66,431
54,203
54,411
21,231
11,437
55,383
9,353
63,297
48,296
35,323
57,307
56,362
16,344
53,339
56,392
24,417
20,533
68,147
58,397
62,495
23,461
68,405
11,275
27,443
55,682
49,367
54,224
58,464
54,410
11,283
5,218
52,275
32,447
27,297
26,298
37,472
71,179
53,360
7,433
7,681
5,372
2,232
5,464
15,396
13,341
51,344
64,401
40,451
63,207
40,227
42,257
63,554
53,368
59,230
32,430
52,386
47,400
61,476
62,596
9,498
63,582
69,388
8,500
4,603
35,394
55,236
51,493
12,334
27,231
40,245
22,237
54,386
15,422
23,566
11,381
47,317
52,794
27,545
13,306
17,406
55,784
57,398
28,371
24,314
15,609
32,482
62,416
58,395
53,388
18,593
44,194
55,203
52,213
1,231
36,461
37,238
48,376
63,328
24,396
11,148
50,375
7,475
7,323
2,515
31,433
7,260
5,287
76,253
53,433
57,233
66,486
8,706
56,313
19,284
24,320
28,221
45,446
61,398
8,195
51,236
22,256
62,356
38,453
16,367
35,247
3,313
4,423
27,381
46,359
7,746
37,410
15,275
60,295
51,411
24,422
1,344
41,577
23,375
2,401
63,470
14,415
19,399
55,519
55,248
21,379
38,305
42,483
54,672
68,593
9,462
38,286
48,412
59,400
3,508
15,349
51,377
54,363
56,296
19,577
57,280
1,498
43,352
30,428
56,510
53,436
27,365
16,364
53,683
45,306
53,398
16,304
8,496
55,373
1,297
22,461
11,558
43,226
6,346
5,391
48,437
4,473
65,511
48,423
59,523
26,328
39,439
5,356
54,470
69,488
21,367
7,220
10,402
69,553
21,304
19,315
54,494
55,355
67,385
35,496
31,371
57,369
64,671
13,523
60,454
25,623
42,345
10,459
64,287
51,607
52,107
56,614
16,254
6,381
50,642
14,241
61,251
52,220
32,578
11,387
31,279
23,202
6,382
12,336
44,472
38,465
25,266
26,379
55,266
52,319
37,428
1,401
53,450
56,462
18,299
59,266
61,294
46,473
33,377
54,331
39,384
52,376
54,413
45,481
2,231
65,101
65,552
14,352
55,195
8,387
26,342
5,362
27,219
16,254
4,489
64,229
31,644
23,397
51,329
8,324
19,456
15,577
49,159
49,316
62,97
58,445
9,597
9,462
19,205
21,393
11,488
11,371
58,338
61,329
56,666
53,412
25,485
4,365
35,382
14,546
21,272
51,375
32,637
10,332
3,505
40,676
60,747
42,303
57,504
5,288
15,405
23,467
45,223
3,245
41,405
16,448
9,220
59,431
55,517
14,338
42,415
31,435
31,314
2,231
25,527
33,419
57,578
6,429
10,296
9,280
3,251
53,457
23,223
57,383
2,412
12,268
58,523
39,429
3,328
34,369
10,212
12,192
57,647
11,176
57,503
7,282
59,400
65,538
16,499
67,347
4,219
9,443
24,336
53,280
38,297
57,268
30,416
55,363
60,440
55,580
53,434
62,397
15,377
18,363
9,370
57,270
6,442
60,525
11,619
3,541
25,449
65,471
29,293
7,328
64,370
61,328
15,717
67,438
17,323
15,328
51,505
64,346
10,487
6,288
60,541
20,711
53,361
30,378
29,382
37,364
33,149
57,416
3,485
12,411
3,216
28,485
61,397
19,401
31,286
3,289
52,323
25,416
62,452
5,221
16,530
6,437
29,380
18,316
12,463
55,332
38,379
47,300
29,379
1,359
78,397
54,342
15,400
48,235
7,363
19,295
49,499
61,291
42,302
41,379
55,529
5,387
27,251
15,289
32,378
2,455
21,491
56,411
61,250
22,183
44,322
14,304
12,405
37,488
57,496
67,649
55,480
39,428
8,546
17,582
27,660
58,178
27,307
5,443
14,495
30,273
58,445
16,231
14,519
44,262
4,284
19,275
9,403
11,730
21,431
13,345
64,254
54,415
17,384
59,329
3,410
34,507
23,643
11,320
21,368
53,492
20,312
57,517
57,230
63,488
36,375
5,146
58,569
3,273
60,576
5,548
56,351
17,311
53,582
55,299
56,195
28,298
19,272
60,334
57,539
50,398
56,382
58,277
56,327
45,524
37,550
26,755
24,175
1,403
23,193
56,208
44,550
44,841
43,358
28,356
22,323
62,353
65,500
60,505
1,459
3,540
22,425
10,317
15,448
24,256
45,287
57,485
20,376
1,302
18,416
58,255
7,325
20,298
52,357
44,241
11,424
67,469
62,370
15,515
1,363
41,653
17,472
56,272
33,443
8,447
26,311
7,313
17,246
15,326
54,401
40,175
3,365
63,305
24,247
24,348
58,397
66,351
58,264
14,458
36,362
66,233
51,493
7,313
18,491
3,309
41,461
7,364
16,355
12,321
66,361
3,307
56,447
36,256
62,428
41,462
53,387
51,339
48,463
50,478
5,417
13,385
51,327
16,386
64,378
29,362
19,138
46,390
54,346
61,318
12,265
26,381
18,360
8,584
19,443
62,333
29,435
20,184
23,467
36,450
5,421
59,481
8,568
55,283
19,303
21,235
56,320
59,578
13,382
16,414
58,360
13,559
3,511
33,476
18,331
56,472
31,576
29,510
24,485
57,351
53,357
52,495
54,266
22,540
49,310
57,365
14,402
38,452
60,279
53,376
19,682
7,545
39,402
16,491
50,428
2,630
42,476
26,226
7,357
7,287
60,595
13,285
10,309
4,257
56,440
58,216
1,246
46,207
42,530
14,311
65,590
5,278
56,411
7,373
35,192
66,196
5,531
57,215
30,331
51,395
54,651
62,339
9,168
33,394
61,339
60,450
65,436
18,489
6,431
1,553
7,481
21,349
30,553
57,489
57,641
1,399
5,478
37,486
17,304
29,441
33,481
8,232
17,374
48,270
57,301
52,327
24,401
15,348
2,397
15,421
31,136
27,523
40,294
48,419
54,152
10,265
57,287
60,365
4,327
33,317
14,358
62,473
54,397
56,425
57,289
12,415
59,321
57,203
24,379
37,514
7,193
10,340
31,319
50,494
10,381
39,368
1,434
12,441
23,238
55,665
65,428
60,386
67,319
27,249
10,454
20,602
12,249
49,454
8,213
33,365
61,598
61,370
27,429
4,484
56,494
70,560
4,291
19,375
57,338
48,290
19,399
26,457
2,331
15,391
22,558
8,502
1,416
24,264
21,396
54,371
56,528
37,356
20,384
17,406
59,254
14,475
33,324
10,375
22,434
37,315
65,500
61,371
29,455
51,489
37,426
19,481
18,406
58,447
4,561
57,190
58,418
2,486
59,709
30,356
38,434
42,348
51,628
56,492
15,459
66,348
39,404
56,427
33,510
57,313
7,522
44,571
39,480
66,504
46,136
8,447
7,219
36,385
29,437
52,469
15,583
27,530
7,407
37,334
44,563
39,489
5,296
49,234
9,230
63,328
30,467
16,301
59,322
50,404
57,320
52,565
1,346
27,284
18,463
57,497
20,507
55,226
51,430
24,351
54,453
56,200
60,272
6,321
64,186
1,465
30,229
23,378
19,460
4,288
15,223
19,423
2,390
61,335
16,429
61,555
1,544
59,240
18,839
54,645
62,452
4,310
14,287
54,919
45,362
8,410
35,544
8,479
18,252
32,312
59,603
33,320
26,400
62,289
62,173
56,384
7,431
25,384
64,690
30,412
57,391
16,305
55,340
11,514
51,238
44,362
18,405
65,594
27,553
38,338
12,610
55,531
68,340
34,462
20,551
57,319
20,388
3,290
27,322
14,428
64,460
57,471
56,375
10,333
61,250
2,376
54,452
57,486
69,348
61,330
2,606
61,663
15,433
23,461
60,453
50,270
61,283
21,445
28,359
4,353
60,571
66,601
2,254
36,390
6,284
32,502
23,653
31,356
55,575
21,310
51,337
10,313
5,294
3,327
4,311
1,396
55,377
29,356
60,478
57,338
6,403
49,632
8,547
21,447
19,585
59,205
58,298
59,423
32,403
36,371
62,1071
52,281
61,416
54,356
25,374
62,317
21,557
3,544
8,288
58,279
55,634
62,448
15,309
27,561
3,512
57,317
15,199
24,538
23,388
4,584
21,600
48,304
2,524
34,400
59,530
53,273
56,294
53,447
52,285
58,381
54,194
35,397
54,346
62,260
61,276
5,465
12,411
15,340
68,301
52,309
7,236
3,297
50,424
7,279
9,297
54,292
3,417
57,655
55,428
62,316
21,326
15,311
2,403
62,394
26,451
5,438
20,513
32,415
58,523
51,438
6,310
1,360
54,393
57,415
57,396
10,433
13,170
42,392
9,438
53,283
10,466
60,652
52,482
53,484
55,434
57,580
39,424
48,443
59,382
61,224
12,406
58,519
4,290
35,456
6,177
1,347
58,373
60,552
21,375
57,539
41,351
26,572
59,315
4,243
59,496
58,698
59,420
56,299
58,384
12,598
54,359
56,439
64,339
20,464
56,282
59,310
18,736
38,158
60,545
44,305
14,252
64,416
2,664
39,218
40,373
7,420
20,404
15,336
29,632
20,521
23,410
22,352
43,587
27,609
60,361
18,299
51,673
7,319
32,439
4,318
27,420
19,737
41,416
60,275
62,382
44,445
5,387
57,646
56,497
38,540
17,308
51,452
9,467
43,222
26,326
59,206
62,446
55,395
57,309
5,348
67,652
24,451
62,444
47,399
12,414
53,296
57,275
3,408
59,592
26,375
10,413
36,260
11,494
3,225
62,294
44,543
3,329
55,146
51,507
57,545
57,545
56,621
28,558
51,375
22,665
60,447
54,281
34,422
68,457
14,314
68,471
31,477
2,438
1,324
20,279
58,368
54,209
17,383
3,377
60,312
3,387
39,277
57,404
59,454
21,276
37,193
2,401
29,328
40,454
60,165
54,526
52,362
54,579
33,208
2,411
8,407
50,202
36,522
4,500
18,312
59,369
34,429
19,315
52,584
34,424
67,326
40,669
52,292
62,452
1,520
4,192
18,377
52,405
63,257
44,460
55,398
57,221
55,355
45,405
23,123
55,388
55,486
55,251
1,464
1,482
58,399
1,574
54,591
63,229
30,251
53,391
42,662
2,376
13,380
58,160
55,454
66,347
37,495
22,358
31,487
12,450
5,529
10,511
21,675
54,261
10,300
23,728
53,479
37,336
22,366
44,422
36,259
56,461
55,573
11,373
24,415
32,677
55,490
57,165
57,288
42,198
38,492
17,230
50,501
42,284
11,552
13,331
27,470
17,630
46,190
55,279
32,371
49,363
3,264
56,414
14,568
52,386
45,567
67,194
8,342
7,473
9,475
9,404
22,380
58,324
19,430
26,345
14,422
50,349
52,328
32,481
17,327
55,430
11,267
35,605
11,236
60,543
21,360
56,459
57,324
2,368
29,372
18,520
6,433
61,629
26,190
52,379
17,477
26,778
34,445
9,407
35,340
14,442
23,439
56,368
24,419
64,211
27,269
68,403
18,332
4,224
17,502
10,581
57,462
3,391
45,298
6,388
1,410
22,262
41,354
60,674
58,295
37,205
38,436
25,295
67,697
29,346
5,268
19,417
52,347
14,397
8,176
59,373
60,702
12,351
16,234
2,271
14,349
59,604
59,321
7,496
45,505
61,407
34,273
3,595
5,186
52,394
56,305
56,277
58,621
59,231
15,559
12,535
37,382
11,610
20,210
43,447
43,648
47,224
53,445
45,202
2,307
26,346
58,199
4,190
62,481
2,743
46,467
11,300
56,758
67,459
17,231
48,550
56,157
61,360
53,382
6,482
56,460
35,286
4,787
57,411
25,464
17,298
15,293
54,368
19,512
39,390
59,256
66,430
34,184
61,570
21,467
31,493
41,433
14,270
2,274
61,494
24,366
45,237
5,568
10,350
48,408
3,405
27,431
54,496
53,388
55,302
10,450
5,460
7,280
61,523
31,522
5,621
59,510
54,264
37,517
5,387
3,216
32,521
8,522
21,196
53,445
14,575
56,311
55,410
2,415
60,481
54,336
58,377
61,420
42,272
61,420
1,427
37,380
54,399
53,315
18,469
56,422
58,398
29,178
10,326
54,488
13,367
62,218
56,481
11,505
31,406
43,360
5,314
61,273
56,236
8,268
32,185
4,338
60,391
54,316
43,242
25,348
4,491
49,417
21,532
26,269
4,282
8,299
18,497
37,315
42,283
2,590
59,429
58,345
46,417
21,446
5,445
65,443
21,314
40,314
43,378
9,292
9,582
44,441
1,419
21,207
52,325
54,223
57,190
62,248
14,264
53,308
45,494
22,330
11,550
1,564
17,501
53,423
2,314
9,509
4,495
40,244
43,662
41,393
59,274
25,357
1,373
52,271
28,515
22,593
19,326
55,380
28,157
46,376
43,590
1,209
31,358
47,496
43,279
14,276
56,423
13,235
61,258
10,498
51,280
64,408
15,488
64,501
51,255
61,442
17,515
30,583
37,259
9,192
63,288
5,211
21,449
7,469
52,401
7,477
32,356
7,309
8,338
34,449
13,189
61,203
56,306
59,338
59,454
12,390
1,346
54,247
60,255
1,385
9,346
5,343
57,186
62,503
54,286
55,428
50,370
17,331
43,638
59,543
1,385
56,458
14,477
29,181
1,361
57,599
2,314
55,324
1,384
27,413
55,565
36,294
53,413
22,477
51,603
48,363
58,440
60,488
25,240
8,640
57,255
26,371
57,519
37,206
2,482
7,221
13,217
26,347
54,295
25,443
17,530
21,398
28,455
53,372
72,811
12,233
16,488
29,611
21,222
35,365
16,412
49,386
56,421
6,192
14,261
21,291
38,394
36,221
34,385
26,439
1,352
60,489
24,659
24,121
26,498
7,201
9,406
11,637
36,332
20,691
23,415
53,451
46,317
34,376
44,202
31,164
17,255
63,386
8,284
60,309
53,173
62,280
14,355
57,498
56,508
52,491
13,347
54,382
4,433
45,356
33,612
10,387
38,669
2,349
55,639
7,510
35,246
33,496
57,412
56,311
5,204
57,240
8,492
60,331
25,363
49,380
37,470
1,630
37,282
55,440
52,377
61,460
53,740
41,312
40,333
15,243
37,388
40,628
18,452
50,286
59,303
13,329
55,419
18,363
63,424
10,272
53,741
11,349
45,191
33,112
59,458
22,686
53,327
7,382
68,470
23,469
55,313
64,322
18,538
31,553
29,477
8,344
31,465
53,537
59,577
6,566
53,187
8,245
36,447
53,531
56,399
26,353
12,487
20,358
9,579
63,289
65,221
49,391
10,334
42,323
18,392
3,311
55,308
58,344
53,227
55,239
23,341
57,292
60,443
13,440
27,497
2,135
55,174
20,398
57,303
25,528
3,252
61,332
14,489
1,372
11,419
62,616
53,309
66,473
9,261
2,389
25,497
15,302
65,418
47,654
14,350
55,382
19,473
65,273
56,302
44,206
55,340
45,260
61,307
58,406
35,252
6,367
12,296
14,286
35,444
48,337
22,316
53,179
25,552
30,447
49,431
57,416
27,290
11,479
60,299
8,572
6,516
64,390
65,629
20,389
43,439
35,303
6,385
6,301
61,282
5,267
49,364
57,280
37,470
5,439
50,384
17,603
22,241
54,187
4,372
39,509
16,405
17,365
46,341
29,460
50,430
56,487
54,387
4,342
30,300
60,489
59,377
40,470
9,230
16,426
4,360
56,326
23,390
24,407
13,312
31,495
62,348
17,505
9,364
35,444
38,475
11,311
18,517
61,719
31,517
3,454
25,704
13,259
36,500
20,425
9,223
3,355
12,363
39,548
56,225
2,316
55,416
14,390
45,461
30,410
38,519
13,408
10,422
8,519
62,560
55,254
63,366
49,314
58,470
12,345
27,238
54,317
62,243
11,432
29,761
33,347
23,591
7,366
36,327
55,147
18,399
50,477
61,268
20,414
55,367
6,649
58,318
7,323
24,266
34,457
10,352
9,251
17,284
32,358
63,369
50,383
57,495
26,350
1,534
52,262
12,526
54,338
14,378
47,590
3,493
57,261
54,212
26,475
36,341
61,285
15,325
45,542
39,387
21,274
24,434
57,393
42,433
17,345
56,478
58,538
38,300
1,339
56,305
22,438
37,722
33,641
1,294
40,416
36,524
57,393
63,284
55,427
4,446
59,592
10,198
62,402
16,585
18,291
29,739
55,194
54,237
5,423
48,512
25,449
42,402
64,353
15,653
14,345
60,339
55,348
54,358
5,283
60,325
7,397
7,308
1,339
62,344
54,180
67,618
57,333
61,273
5,372
6,496
3,440
52,255
12,423
33,459
32,348
54,434
48,470
61,361
57,331
6,173
56,663
13,356
32,227
15,484
58,217
32,532
5,522
5,449
61,251
60,359
12,392
26,357
11,520
60,374
34,474
62,408
7,319
63,423
65,306
53,855
58,481
46,449
59,441
61,431
48,423
42,328
51,523
6,278
13,450
43,475
34,307
25,273
64,301
59,380
60,408
41,356
25,198
56,392
62,484
17,249
15,458
22,333
21,451
13,327
61,439
13,358
34,256
18,383
64,512
56,456
18,156
3,212
10,344
17,568
31,221
62,330
15,414
26,518
39,512
56,333
55,344
40,468
36,372
55,224
4,454
14,625
56,342
59,116
26,307
39,423
48,438
56,494
32,300
39,332
31,390
18,398
10,345
29,150
17,555
13,262
29,260
20,340
21,316
62,261
25,377
27,267
62,165
58,404
40,445
55,311
16,570
66,521
58,206
6,389
11,318
38,296
7,229
50,553
27,510
62,501
6,255
12,248
18,435
23,512
30,366
22,457
63,221
52,734
62,478
5,617
6,152
55,482
49,560
54,305
67,352
17,454
18,377
55,299
31,264
6,302
9,479
20,480
23,312
31,414
1,459
18,333
26,297
15,570
37,399
1,376
22,319
2,214
9,494
20,450
55,445
28,290
54,332
11,334
7,255
15,568
15,366
17,519
19,387
25,401
6,423
56,273
54,395
57,526
22,473
57,268
46,315
2,393
58,254
42,292
61,315
67,357
73,272
24,371
3,381
28,601
47,273
5,637
56,298
58,285
34,324
18,528
63,547
17,413
23,342
12,224
58,372
5,308
37,361
20,403
13,314
23,781
59,668
50,342
50,548
53,288
5,231
61,381
58,404
19,475
57,422
33,513
63,454
16,368
55,372
57,543
70,408
40,386
44,345
31,926
56,261
1,280
6,294
6,463
21,452
55,312
54,476
43,520
58,620
49,564
55,399
7,612
5,336
2,615
28,486
53,237
61,401
56,258
20,343
41,347
40,268
58,344
62,278
10,397
4,430
5,461
62,454
11,299
22,194
3,646
54,264
10,405
3,399
3,352
1,381
7,332
22,543
63,234
45,383
56,247
55,486
30,231
25,537
42,660
56,382
13,535
50,303
55,229
35,386
55,620
7,297
39,376
51,412
57,596
28,208
4,405
7,463
14,533
69,620
15,212
57,411
61,477
20,366
6,320
18,590
63,426
25,414
20,414
34,521
29,334
50,892
58,283
4,388
23,398
10,601
64,456
62,347
8,263
52,405
51,393
1,689
19,462
31,350
52,242
59,421
36,390
27,361
1,420
11,237
32,643
25,224
59,419
3,150
61,345
42,267
27,356
2,281
57,363
13,362
14,467
49,421
62,702
33,360
3,336
59,378
52,197
57,357
25,317
7,463
15,547
55,358
53,255
59,403
55,261
57,486
52,300
51,280
44,166
60,415
60,607
44,450
4,369
26,192
57,506
2,489
35,519
15,172
1,508
24,306
18,578
36,330
54,360
7,442
60,494
6,378
55,385
59,403
2,328
12,517
20,400
61,368
60,225
61,422
58,530
23,243
9,236
40,282
7,192
52,548
4,397
69,221
1,197
12,311
49,480
8,594
9,245
10,383
61,400
27,193
1,259
54,396
5,457
10,453
54,433
30,254
8,78
15,383
17,395
7,755
12,351
36,398
20,439
16,444
12,199
58,312
54,706
4,332
10,297
29,421
1,427
5,626
17,270
58,469
10,205
53,525
37,386
22,415
18,350
57,488
52,346
55,323
8,213
26,373
54,397
39,537
56,397
39,427
16,400
55,368
57,210
55,494
23,451
37,457
55,402
5,427
7,428
36,268
5,642
11,462
60,451
30,190
58,317
44,378
9,368
12,395
12,383
27,431
52,297
24,471
66,353
26,283
52,771
57,249
44,345
4,481
63,401
45,250
3,390
52,515
57,337
3,444
45,297
12,141
26,422
6,382
25,434
23,147
57,328
51,324
58,496
52,339
14,403
6,618
55,708
57,402
6,490
12,419
24,575
11,453
52,397
8,187
10,393
3,332
11,486
49,550
51,725
33,278
53,257
13,400
13,411
45,580
61,357
4,337
49,339
30,334
57,368
9,395
32,460
13,429
12,471
30,257
16,369
67,640
31,285
53,568
8,219
56,308
65,393
5,438
14,332
39,435
38,475
51,249
62,414
8,445
42,438
54,380
52,287
14,401
63,334
19,462
46,409
3,523
1,410
59,509
11,697
57,562
58,640
2,250
34,399
9,755
15,332
3,339
10,338
17,394
23,565
8,338
2,509
38,415
56,524
67,244
53,365
62,342
22,527
52,377
6,267
25,542
6,441
19,442
47,427
58,742
34,420
3,463
3,435
20,452
44,337
8,317
1,399
8,251
16,479
58,514
45,441
52,364
58,364
8,548
3,442
36,366
54,365
9,372
4,547
60,261
57,249
38,288
20,385
55,425
9,425
30,302
9,529
59,535
52,443
1,449
12,433
54,355
56,288
13,494
2,256
34,121
25,262
1,313
55,223
9,665
48,235
45,365
32,252
1,493
2,374
13,440
63,198
45,339
52,623
21,303
55,382
41,312
9,461
23,499
32,346
54,233
13,310
12,480
64,296
59,386
19,348
15,484
56,514
12,419
18,266
15,197
60,401
20,426
37,258
56,745
19,399
11,371
58,432
5,439
33,386
8,654
54,291
59,349
45,267
13,424
57,261
55,310
58,591
42,459
26,330
15,431
35,459
16,584
64,225
61,567
53,851
65,279
3,400
21,471
40,606
20,572
32,417
60,521
29,384
67,353
21,314
14,405
19,516
57,336
54,433
47,656
57,476
16,321
54,336
17,401
59,362
54,389
22,590
55,331
16,446
13,420
13,445
19,299
5,448
25,661
51,428
19,352
54,318
29,343
8,502
56,119
52,415
62,406
2,405
21,327
1,406
49,615
24,464
56,510
70,352
24,405
11,217
54,384
57,400
22,403
8,659
53,489
41,356
23,353
30,441
10,343
23,628
2,436
5,297
57,338
4,420
1,522
48,320
69,412
62,235
10,268
8,565
54,377
30,337
67,580
24,334
24,663
5,391
12,457
55,343
14,365
44,272
57,346
2,290
4,153
66,208
66,287
49,428
66,264
40,524
4,429
15,295
56,234
23,515
25,436
59,191
14,529
19,483
51,419
32,255
25,232
61,326
35,242
3,294
17,241
51,330
64,263
30,374
13,466
71,348
70,433
59,361
5,535
20,372
31,756
13,392
1,479
41,397
22,444
12,482
53,623
1,466
30,387
39,443
8,235
61,443
55,575
38,307
60,499
66,415
60,393
40,364
59,299
56,430
55,562
54,369
23,310
59,541
9,382
54,498
56,359
68,427
16,480
57,465
53,504
13,317
47,191
52,214
10,713
53,433
9,261
22,263
30,384
69,442
10,360
66,324
55,381
17,509
68,445
13,326
61,318
63,245
68,355
39,217
2,481
13,334
55,368
2,222
54,396
1,367
55,433
13,399
55,258
12,170
27,682
36,435
48,433
61,483
3,306
38,412
53,303
35,376
5,438
46,326
4,351
5,208
52,448
36,616
16,262
21,581
10,407
2,266
61,153
58,334
2,282
5,414
33,400
48,431
2,384
55,275
59,394
33,443
13,369
41,192
68,378
19,442
4,425
59,171
38,310
17,512
29,605
15,414
45,468
56,422
17,402
58,212
22,357
26,398
30,269
16,340
61,391
60,316
53,318
56,442
45,257
63,502
38,334
22,437
12,281
12,303
34,356
62,498
48,365
20,401
26,375
53,453
26,531
53,446
53,330
61,383
22,412
1,407
6,346
58,354
57,394
6,356
58,355
44,697
18,242
68,529
40,395
12,247
59,423
25,488
52,355
4,213
26,390
60,518
54,318
36,214
3,438
10,260
56,221
9,379
36,283
3,372
61,373
60,393
10,605
60,606
43,609
60,641
24,437
19,309
56,393
52,350
34,389
26,400
48,451
13,625
62,297
54,361
11,249
59,504
30,382
58,522
17,542
56,517
66,667
26,443
7,416
41,253
9,381
63,314
61,335
7,418
57,371
12,340
61,262
42,295
55,561
60,482
11,273
35,353
61,228
13,663
17,215
2,327
18,317
17,489
